avg_child_mortality_rate,avg_aqi,avg_gdp_per_capita,avg_literacy_rate,avg_health_expenditure_pct_gdp
23.354889992270593,62.217177709405846,24531.800336074233,88.51654026266426,6.743647265566335
